,artist,search_result,page_url,concert_count,l_score,rank
0,Paul Oakenfold,Paul Oakenfold,bands/paul-oakenfold,569,0,1.0
3,Steely Dan,Steely Dan,bands/steely-dan,1021,0,1.0
28,Kenny Loggins,Kenny Loggins,bands/kenny-loggins,851,0,1.0
30,Daughter,Daughter,bands/daughter,413,0,1.0
56,Andy Williams,andy williams,bands/andy-williams,80,2,1.0
61,Sick Puppies,Sick Puppies,bands/sick-puppies,912,0,1.0
63,Ja Rule,Ja Rule,bands/ja-rule,402,0,1.0
66,Skid Row,Skid Row,bands/skid-row,1240,0,1.0
110,The B‐52s,"""The B-52s""",bands/the-b-52-s,981,3,1.0
114,Plies,Plies,bands/plies,81,0,1.0
137,Feeder,Feeder,bands/feeder,545,0,1.0
187,Orchestral Manoeuvres in the Dark,Orchestral Manoeuvres in the Dark,bands/orchestral-manoeuvres-in-the-dark--4,276,0,1.0
192,Neon Trees,Neon Trees,bands/neon-trees,615,0,1.0
194,Aimee Mann,Aimee Mann,bands/aimee-mann,675,0,1.0
204,Tim McGraw,Tim McGraw,bands/tim-mcgraw,1328,0,1.0
231,Rogue Wave,Rogue Wave,bands/rogue-wave,461,0,1.0
247,Five for Fighting,Five For Fighting,bands/five-for-fighting,309,1,1.0
248,Walk the Moon,Walk the Moon,bands/walk-the-moon--4,908,0,1.0
252,Sarah Vaughan,Sarah Vaughan,bands/sarah-vaughan,7,0,1.0
254,LL Cool J,LL Cool J,bands/ll-cool-j,230,0,1.0
284,Scooter,Scooter,bands/scooter,149,0,1.0
309,Ben Folds Five,Ben Folds Five,bands/ben-folds-five,264,0,1.0
314,CHVRCHΞS,CHVRCHES,bands/chvrches,715,1,1.0
317,Mr. Scruff,Mr. Scruff,bands/mr-scruff,151,0,1.0
320,The Pretty Reckless,The Pretty Reckless,bands/the-pretty-reckless,666,0,1.0
322,The Wanted,The Wanted,bands/the-wanted,350,0,1.0
342,Thelonious Monk,Thelonius Monk,bands/thelonius-monk,2,1,1.0
344,REO Speedwagon,REO Speedwagon,bands/reo-speedwagon,2155,0,1.0
346,Reel Big Fish,Reel Big Fish,bands/reel-big-fish,2139,0,1.0
348,Jurassic 5,Jurassic 5,bands/jurassic-5,449,0,1.0
352,The Magnetic Fields,The Magnetic Fields,bands/the-magnetic-fields,246,0,1.0
359,The Cribs,The Cribs,bands/the-cribs,677,0,1.0
392,Don McLean,Don McLean,bands/don-mclean,698,0,1.0
393,Blake Shelton,Blake Shelton,bands/blake-shelton,1238,0,1.0
398,Róisín Murphy,Róisín Murphy,bands/roisin-murphy,207,0,1.0
400,Underoath,Underoath,bands/underoath,1310,0,1.0
406,The New Pornographers,The New Pornographers,bands/the-new-pornographers,614,0,1.0
432,Don Henley,Don Henley,bands/don-henley,290,0,1.0
435,Ricky Martin,Ricky Martin,bands/ricky-martin,751,0,1.0
438,Fat Joe,Fat Joe,bands/fat-joe,180,0,1.0
448,Daddy Yankee,Daddy Yankee,bands/daddy-yankee,405,0,1.0
452,Peaches,Peaches,bands/peaches,517,0,1.0
477,A Fine Frenzy,A Fine Frenzy,bands/a-fine-frenzy,169,0,1.0
478,John Mellencamp,John Mellencamp,bands/john-mellencamp,912,0,1.0
484,Kaskade,Kaskade,bands/kaskade,1236,0,1.0
491,House of Pain,House of Pain,bands/house-of-pain,192,0,1.0
519,Atmosphere,Atmosphere,bands/atmosphere,1247,0,1.0
544,Mayday Parade,Mayday Parade,bands/mayday-parade--5,1716,0,1.0
545,Ben E. King,Ben E. King,bands/ben-e-king,27,0,1.0
549,Three 6 Mafia,Three 6 Mafia,bands/three-6-mafia,157,0,1.0
561,Kid Rock,Kid Rock,bands/kid-rock,1199,0,1.0
586,Martin Garrix,Martin Garrix,bands/martin-garrix,564,0,1.0
587,Jackson Browne,Jackson Browne,bands/jackson-browne,1858,0,1.0
607,Haddaway,Haddaway,bands/haddaway,23,0,1.0
614,Dirty Pretty Things,Dirty Pretty Things,bands/dirty-pretty-things,141,0,1.0
615,MSTRKRFT,MSTRKRFT,bands/mstrkrft,372,0,1.0
618,The Whitest Boy Alive,The Whitest Boy Alive,bands/the-whitest-boy-alive,88,0,1.0
619,Buzzcocks,Buzzcocks,bands/buzzcocks,555,0,1.0
624,Iggy Azalea,Iggy Azalea,bands/iggy-azalea,356,0,1.0
630,Girls Aloud,Girls Aloud,bands/girls-aloud,143,0,1.0
634,Paul van Dyk,Paul van Dyk,bands/paul-van-dyk,468,0,1.0
637,Culture Club,Culture Club,bands/culture-club,305,0,1.0
642,Thousand Foot Krutch,Thousand Foot Krutch,bands/thousand-foot-krutch,744,0,1.0
648,Relient K,Relient K,bands/relient-k,913,0,1.0
650,The Dead Weather,The Dead Weather,bands/the-dead-weather,101,0,1.0
676,12 Stones,12 Stones,bands/12-stones,433,0,1.0
677,Capital Cities,Capital Cities,bands/capital-cities,409,0,1.0
678,Hurts,Hurts,bands/hurts,282,0,1.0
703,Toby Keith,Toby Keith,bands/toby-keith,1291,0,1.0
729,William Fitzsimmons,William Fitzsimmons,bands/william-fitzsimmons,582,0,1.0
730,Mat Kearney,Mat Kearney,bands/mat-kearney,896,0,1.0
732,Silverstein,Silverstein,bands/silverstein,2101,0,1.0
737,Crazy Town,Crazy Town,bands/crazy-town,168,0,1.0
738,Leftfield,Leftfield,bands/leftfield,121,0,1.0
743,Sophie Ellis‐Bextor,Sophie Ellis-Bextor,bands/sophie-ellis-bextor,233,1,1.0
746,Badly Drawn Boy,Badly Drawn Boy,bands/badly-drawn-boy,299,0,1.0
747,Ladyhawke,Ladyhawke,bands/ladyhawke,212,0,1.0
776,Bad Company,Bad Company,bands/bad-company,673,0,1.0
806,Jason Aldean,Jason Aldean,bands/jason-aldean,1487,0,1.0
810,Ace Hood,Ace Hood,bands/ace-hood,109,0,1.0
812,Brett Dennen,Brett Dennen,bands/brett-dennen,936,0,1.0
813,Kygo,Kygo,bands/kygo,388,0,1.0
858,The Ataris,The Ataris,bands/the-ataris,954,0,1.0
882,Asher Roth,Asher Roth,bands/asher-roth,186,0,1.0
883,Rudimental,Rudimental,bands/rudimental,577,0,1.0
888,The Horrors,The Horrors,bands/the-horrors,617,0,1.0
900,Metro Station,Metro Station,bands/metro-station,664,0,1.0
902,Iyaz,Iyaz,bands/iyaz,67,0,1.0
918,James Vincent McMorrow,James Vincent McMorrow,bands/james-vincent-mcmorrow,372,0,1.0
938,Zebrahead,Zebrahead,bands/zebrahead,853,0,1.0
966,Anastacia,Anastacia,bands/anastacia,349,0,1.0
988,Tech N9ne,Tech N9ne,bands/tech-n9ne,1920,0,1.0
1024,Antonín Dvořák,Antonin Dvorak,bands/antonin-dvorak,2,3,1.0
1025,Édith Piaf,Édith Piaf,bands/edith-piaf,4,0,1.0
1027,The Specials,The Specials,bands/the-specials,514,0,1.0
1043,Basshunter,Basshunter,bands/basshunter,57,0,1.0
1069,The Antlers,The Antlers,bands/the-antlers,427,0,1.0
1072,John Frusciante,John Frusciante,bands/john-frusciante,7,0,1.0
1074,DragonForce,Dragonforce,bands/dragonforce,773,1,1.0
1082,Phantogram,Phantogram,bands/phantogram,744,0,1.0
1087,Charles Mingus,Charles Mingus,bands/charles-mingus,9,0,1.0
1090,Dexys Midnight Runners,Dexys Midnight Runners,bands/dexys-midnight-runners,25,0,1.0
1119,Little Boots,Little Boots,bands/little-boots,201,0,1.0
1123,Primus,Primus,bands/primus,1282,0,1.0
1141,Senses Fail,Senses Fail,bands/senses-fail,1461,0,1.0
1142,Carla Bruni,Carla Bruni,bands/carla-bruni,17,0,1.0
1145,Black Kids,Black Kids,bands/black-kids,220,0,1.0
1177,Gotan Project,Gotan Project,bands/gotan-project,94,0,1.0
1179,First Aid Kit,First Aid Kit,bands/first-aid-kit,747,0,1.0
1180,Dixie Chicks,Dixie Chicks,bands/dixie-chicks,170,0,1.0
1182,Stan Getz,Stan Getz,bands/stan-getz,5,0,1.0
1185,At the Drive‐In,At the Drive-In,bands/at-the-drive-in--2,271,1,1.0
1188,Keyshia Cole,Keyshia Cole,bands/keyshia-cole,334,0,1.0
1195,Frankie Goes to Hollywood,Frankie Goes To Hollywood,bands/frankie-goes-to-hollywood,41,1,1.0
1222,Ashley Tisdale,Ashley Tisdale,bands/ashley-tisdale,19,0,1.0
1223,Sleigh Bells,Sleigh Bells,bands/sleigh-bells,486,0,1.0
1224,The Mountain Goats,The Mountain Goats,bands/the-mountain-goats,1192,0,1.0
1226,Le Tigre,Le Tigre,bands/le-tigre,144,0,1.0
1230,“Weird Al” Yankovic,"""Weird Al"" Yankovic",bands/weird-al-yankovic,1115,2,1.0
1231,God Is an Astronaut,God Is An Astronaut,bands/god-is-an-astronaut,172,1,1.0
1232,Madvillain,Madvillain,bands/madvillain,2,0,1.0
1233,Isaac Hayes,isaac hayes,bands/isaac-hayes,46,2,1.0
1241,They Might Be Giants,They Might Be Giants,bands/they-might-be-giants--2,2186,0,1.0
1243,Rita Ora,Rita Ora,bands/rita-ora,276,0,1.0
1245,Eve 6,Eve 6,bands/eve-6,618,0,1.0
1255,Bobby Darin,bobby darin,bands/bobby-darin,1,2,1.0
1257,Stromae,Stromae,bands/stromae,220,0,1.0
1264,Something Corporate,Something Corporate,bands/something-corporate,328,0,1.0
1265,The Go! Team,The Go! Team,bands/the-go-team,371,0,1.0
1267,Say Anything,Say Anything,bands/say-anything,860,0,1.0
1273,Minus the Bear,Minus the Bear,bands/minus-the-bear--2,981,0,1.0
1274,Perry Como,Perry Como,bands/perry-como,1,0,1.0
1275,Brenda Lee,brenda lee,bands/brenda-lee,69,2,1.0
1277,HAIM,HAIM,bands/haim--2,549,0,1.0
1301,Flux Pavilion,Flux Pavilion,bands/flux-pavilion,435,0,1.0
1306,Solange,Solange,bands/solange,294,0,1.0
1317,Jonas Brothers,Jonas Brothers,bands/jonas-brothers,834,0,1.0
1325,The Head and the Heart,The Head and the Heart,bands/the-head-and-the-heart--2,919,0,1.0
1329,Gary Moore,Gary Moore,bands/gary-moore,239,0,1.0
1350,Funeral for a Friend,Funeral for a Friend,bands/funeral-for-a-friend--3,736,0,1.0
1351,The Weepies,The Weepies,bands/the-weepies,235,0,1.0
1352,The Rakes,The Rakes,bands/the-rakes,215,0,1.0
1365,Donavon Frankenreiter,Donavon Frankenreiter,bands/donavon-frankenreiter,1339,0,1.0
1368,Pennywise,Pennywise,bands/pennywise,1172,0,1.0
1376,Mystery Jets,Mystery Jets,bands/mystery-jets,404,0,1.0
1381,Neon Indian,Neon Indian,bands/neon-indian,427,0,1.0
1383,The Alan Parsons Project,The Alan Parsons Project,bands/the-alan-parsons-project,14,0,1.0
1385,Spandau Ballet,Spandau Ballet,bands/spandau-ballet,139,0,1.0
1388,Yo Gotti,Yo Gotti,bands/yo-gotti,393,0,1.0
1390,MC Hammer,MC Hammer,bands/mc-hammer,168,0,1.0
1391,Okkervil River,Okkervil River,bands/okkervil-river,665,0,1.0
1409,Jimmy Cliff,Jimmy Cliff,bands/jimmy-cliff,365,0,1.0
1440,Juelz Santana,Juelz Santana,bands/juelz-santana,69,0,1.0
1441,Sugar Ray,Sugar Ray,bands/sugar-ray,625,0,1.0
1454,Buena Vista Social Club,Buena Vista Social Club,bands/buena-vista-social-club,95,0,1.0
1459,4 Non Blondes,4 Non Blondes,bands/4-non-blondes--2,27,0,1.0
1460,Dierks Bentley,Dierks Bentley,bands/dierks-bentley,1778,0,1.0
1463,Sevendust,Sevendust,bands/sevendust,1855,0,1.0
1469,Panda Bear,Panda Bear,bands/panda-bear,194,0,1.0
1473,Cocteau Twins,Cocteau Twins,bands/cocteau-twins--2,61,0,1.0
1474,Them Crooked Vultures,Them Crooked Vultures,bands/them-crooked-vultures,78,0,1.0
1500,Toro y Moi,Toro Y Moi,bands/toro-y-moi,605,1,1.0
1503,Diplo,Diplo,bands/diplo,1314,0,1.0
1528,Rachael Yamagata,Rachael Yamagata,bands/rachael-yamagata,571,0,1.0
1530,The Raveonettes,The Raveonettes,bands/the-raveonettes,515,0,1.0
1531,Best Coast,Best Coast,bands/best-coast,593,0,1.0
1534,The Avett Brothers,The Avett Brothers,bands/the-avett-brothers,1573,0,1.0
1556,Boys Noize,Boys Noize,bands/boys-noize,595,0,1.0
1561,Godspeed You! Black Emperor,Godspeed You! Black Emperor,bands/godspeed-you-black-emperor,764,0,1.0
1563,Death in Vegas,Death In Vegas,bands/death-in-vegas,91,1,1.0
1564,Blue Foundation,Blue Foundation,bands/blue-foundation,11,0,1.0
1570,Less Than Jake,Less Than Jake,bands/less-than-jake--3,2028,0,1.0
1578,Manchester Orchestra,Manchester Orchestra,bands/manchester-orchestra,974,0,1.0
1581,Janelle Monáe,Janelle Monáe,bands/janelle-monae--2,464,0,1.0
1585,Helloween,Helloween,bands/helloween,470,0,1.0
1610,We the Kings,We The Kings,bands/we-the-kings--6,1213,1,1.0
1627,The Zutons,The Zutons,bands/the-zutons,247,0,1.0
1628,Fear Factory,Fear Factory,bands/fear-factory,1081,0,1.0
1632,Arch Enemy,Arch Enemy,bands/arch-enemy,939,0,1.0
1689,Matt Costa,Matt Costa,bands/matt-costa,549,0,1.0
1692,Nazareth,Nazareth,bands/nazareth,649,0,1.0
1714,Felix Mendelssohn,Felix Mendelssohn,bands/felix-mendelssohn,4,0,1.0
1715,The Civil Wars,The Civil Wars,bands/the-civil-wars,260,0,1.0
1718,Young Buck,Young Buck,bands/young-buck,36,0,1.0
1721,Gogol Bordello,Gogol Bordello,bands/gogol-bordello,1363,0,1.0
1725,Jessica Simpson,Jessica Simpson,bands/jessica-simpson,171,0,1.0
1728,Luke Bryan,Luke Bryan,bands/luke-bryan,1426,0,1.0
1729,Alan Jackson,Alan Jackson,bands/alan-jackson,1057,0,1.0
1730,You Me at Six,You Me At Six,bands/you-me-at-six,983,1,1.0
1734,Crystal Fighters,Crystal Fighters,bands/crystal-fighters,350,0,1.0
1736,Faith Hill,Faith Hill,bands/faith-hill,443,0,1.0
1739,Rob Thomas,Rob Thomas,bands/rob-thomas,542,0,1.0
1750,Warpaint,Warpaint,bands/warpaint,648,0,1.0
1753,Danzig,Danzig,bands/danzig,634,0,1.0
1821,Rick Astley,Rick Astley,bands/rick-astley,377,0,1.0
1841,2 Chainz,2 Chainz,bands/2-chainz,613,0,1.0
1846,Augustana,Augustana,bands/augustana,709,0,1.0
1852,Black Label Society,Black Label Society,bands/black-label-society,1237,0,1.0
1859,The Pharcyde,The Pharcyde,bands/the-pharcyde,310,0,1.0
1863,Meek Mill,Meek Mill,bands/meek-mill,360,0,1.0
1869,Little Richard,Little Richard,bands/little-richard,173,0,1.0
1872,Canned Heat,Canned Heat,bands/canned-heat--2,533,0,1.0
1901,Patrick Wolf,Patrick Wolf,bands/patrick-wolf,343,0,1.0
1905,Blind Guardian,Blind Guardian,bands/blind-guardian,367,0,1.0
1906,Marcy Playground,Marcy Playground,bands/marcy-playground,370,0,1.0
1909,Vertical Horizon,Vertical Horizon,bands/vertical-horizon,458,0,1.0
1910,Skunk Anansie,Skunk Anansie,bands/skunk-anansie,438,0,1.0
1911,Joanna Newsom,Joanna Newsom,bands/joanna-newsom,241,0,1.0
1921,Band of Skulls,Band of Skulls,bands/band-of-skulls,538,0,1.0
1922,Alexisonfire,Alexisonfire,bands/alexisonfire,819,0,1.0
1924,Saosin,Saosin,bands/saosin,841,0,1.0
1951,Andrea Bocelli,Andrea Bocelli,bands/andrea-bocelli,567,0,1.0
1954,Fischerspooner,Fischerspooner,bands/fischerspooner,153,0,1.0
1957,Trentemøller,Trentemøller,bands/trentemoller--2,256,0,1.0
1985,Fountains of Wayne,Fountains of Wayne,bands/fountains-of-wayne,480,0,1.0
1991,Miranda Lambert,Miranda Lambert,bands/miranda-lambert,1267,0,1.0
2017,Peter Tosh,Peter Tosh,bands/peter-tosh-c7f46c48-51c2-44ef-9e99-404510fec066,47,0,1.0
2020,Uriah Heep,Uriah Heep,bands/uriah-heep,1057,0,1.0
2035,Calexico,Calexico,bands/calexico,882,0,1.0
2042,Joseph Haydn,Joseph Haydn,bands/joseph-haydn,2,0,1.0
2043,Huey Lewis and the News,Huey Lewis and The News,bands/huey-lewis-the-news,1495,1,1.0
2044,KC and the Sunshine Band,KC and the Sunshine Band,bands/kc-and-the-sunshine-band--2,136,0,1.0
2045,Carole King,Carole King,bands/carole-king,179,0,1.0
2058,Social Distortion,Social Distortion,bands/social-distortion,1413,0,1.0
2066,Box Car Racer,Box Car Racer,bands/box-car-racer,29,0,1.0
2067,Enter Shikari,Enter Shikari,bands/enter-shikari,1500,0,1.0
2073,Cults,Cults,bands/cults,477,0,1.0
2098,Status Quo,Status Quo,bands/status-quo--2,1262,0,1.0
2108,Temple of the Dog,Temple Of The Dog,bands/temple-of-the-dog,14,2,1.0
2110,Chingy,Chingy,bands/chingy--2,139,0,1.0
2130,DJ Fresh,DJ Fresh,bands/dj-fresh,295,0,1.0
2182,Shiny Toy Guns,Shiny Toy Guns,bands/shiny-toy-guns,487,0,1.0
2186,Kosheen,Kosheen,bands/kosheen,93,0,1.0
2189,Extreme,extreme,bands/extreme,369,1,1.0
2214,Slightly Stoopid,Slightly Stoopid,bands/slightly-stoopid,1367,0,1.0
2241,Steve Aoki,Steve Aoki,bands/steve-aoki,1823,0,1.0
2250,Millencolin,Millencolin,bands/millencolin,532,0,1.0
2305,Yung Joc,Yung Joc,bands/yung-joc,93,0,1.0
2306,Soulfly,Soulfly,bands/soulfly,1481,0,1.0
2313,Mark Knopfler,Mark Knopfler,bands/mark-knopfler,667,0,1.0
2321,Ghostface Killah,Ghostface Killah,bands/ghostface-killah,548,0,1.0
2326,Real Estate,Real Estate,bands/real-estate,717,0,1.0
2329,Dave Brubeck,Dave Brubeck,bands/dave-brubeck--2,45,0,1.0
2333,SBTRKT,SBTRKT,bands/sbtrkt,402,0,1.0
2336,Meghan Trainor,Meghan Trainor,bands/meghan-trainor,187,0,1.0
2339,Richard Wagner,Richard Wagner,bands/richard-wagner,2,0,1.0
2341,Sonata Arctica,Sonata Arctica,bands/sonata-arctica,660,0,1.0
2360,The Miracles,The Miracles,bands/the-miracles,53,0,1.0
2376,The Bird and the Bee,The Bird and the Bee,bands/the-bird-and-the-bee--2,101,0,1.0
2377,Alabama Shakes,Alabama Shakes,bands/alabama-shakes,447,0,1.0
2381,Westlife,Westlife,bands/westlife,480,0,1.0
2382,Grandaddy,Grandaddy,bands/grandaddy,218,0,1.0
2385,Manowar,Manowar,bands/manowar,179,0,1.0
2389,The Bloody Beetroots,The Bloody Beetroots,bands/the-bloody-beetroots,333,0,1.0
2396,The Proclaimers,The Proclaimers,bands/the-proclaimers,583,0,1.0
2423,DJ Snake,DJ Snake,bands/dj-snake,555,0,1.0
2429,Warren G,Warren G,bands/warren-g,354,0,1.0
2453,The Pointer Sisters,The Pointer Sisters,bands/the-pointer-sisters,129,0,1.0
2454,Sky Ferreira,Sky Ferreira,bands/sky-ferreira,153,0,1.0
2455,New Radicals,New Radicals,bands/new-radicals,3,0,1.0
2457,A Flock of Seagulls,A Flock of Seagulls,bands/a-flock-of-seagulls,463,0,1.0
2463,Gin Blossoms,Gin Blossoms,bands/gin-blossoms,1336,0,1.0
2498,Bill Evans,Bill Evans,bands/bill-evans,76,0,1.0
2508,Sarah Brightman,Sarah Brightman,bands/sarah-brightman,378,0,1.0
2509,Hanson,Hanson,bands/hanson,1022,0,1.0
2534,Mr. Oizo,Mr. Oizo,bands/mr-oizo--2,93,0,1.0
2538,Bassnectar,BASSNECTAR,bands/bassnectar--4,918,9,1.0
2570,French Montana,French Montana,bands/french-montana,398,0,1.0
2571,Example,Example,bands/example,456,0,1.0
2583,Clipse,Clipse,bands/clipse,155,0,1.0
2611,Volbeat,Volbeat,bands/volbeat,1002,0,1.0
2620,Carly Simon,carly simon,bands/carly-simon,38,2,1.0
2623,The Starting Line,The Starting Line,bands/the-starting-line,686,0,1.0
2625,The Maine,The Maine,bands/the-maine--5,1549,0,1.0
2632,Emeli Sandé,Emeli Sandé,bands/emeli-sande--2,295,0,1.0
2637,Quantic,Quantic,bands/quantic,166,0,1.0
2649,Bauhaus,Bauhaus,bands/bauhaus,168,0,1.0
2658,Jerry Lee Lewis,Jerry Lee Lewis,bands/jerry-lee-lewis,366,0,1.0
2661,Jennifer Hudson,Jennifer Hudson,bands/jennifer-hudson,217,0,1.0
2662,India.Arie,India.Arie,bands/india-arie,347,0,1.0
2663,Eiffel 65,Eiffel 65,bands/eiffel-65,30,0,1.0
2664,De-Phazz,De-Phazz,bands/de-phazz,8,0,1.0
2667,The Drifters,the drifters,bands/the-drifters,213,2,1.0
2718,Howlin’ Wolf,"""Howlin Wolf""",bands/howlin-wolf--2,16,3,1.0
2720,Rooney,Rooney,bands/rooney,630,0,1.0
2745,Stevie Ray Vaughan and Double Trouble,Stevie Ray Vaughan And Double Trouble,bands/stevie-ray-vaughan-and-double-trouble,21,1,1.0
2747,Fink,Fink,bands/fink,96,0,1.0
2771,Jon Hopkins,Jon Hopkins,bands/jon-hopkins,343,0,1.0
2776,Armand van Helden,Armand Van Helden,bands/armand-van-helden,75,1,1.0
2778,Jeff Beck,Jeff Beck,bands/jeff-beck,841,0,1.0
2783,Travie McCoy,Travie McCoy,bands/travie-mccoy,155,0,1.0
2811,Fugazi,Fugazi,bands/fugazi,671,0,1.0
2821,Slowdive,Slowdive,bands/slowdive,207,0,1.0
2824,Guster,Guster,bands/guster,1084,0,1.0
2874,Gorilla Zoe,Gorilla Zoe,bands/gorilla-zoe,18,0,1.0
2875,The Pigeon Detectives,The Pigeon Detectives,bands/the-pigeon-detectives--3,362,0,1.0
2879,Don Omar,Don Omar,bands/don-omar,144,0,1.0
2881,Better Than Ezra,Better Than Ezra,bands/better-than-ezra,863,0,1.0
2883,Jesse McCartney,Jesse McCartney,bands/jesse-mccartney,443,0,1.0
2886,Lil Jon,Lil Jon,bands/lil-jon,604,0,1.0
2910,STRFKR,STRFKR,bands/strfkr,658,0,1.0
2914,Jill Scott,Jill Scott,bands/jill-scott,450,0,1.0
2922,Toots & The Maytals,Toots & The Maytals,bands/toots-the-maytals,809,0,1.0
2947,The Breeders,The Breeders,bands/the-breeders,461,0,1.0
2953,Maurice Ravel,Maurice Ravel,bands/maurice-ravel,2,0,1.0
2954,Chaka Khan,Chaka Khan,bands/chaka-khan,531,0,1.0
2963,MF DOOM,MF Doom,bands/mf-doom,38,3,1.0
2989,Porter Robinson,Porter Robinson,bands/porter-robinson,551,0,1.0
2996,ScHoolboy Q,ScHoolboy Q,bands/schoolboy-q--2,505,0,1.0
2998,The Sounds,The Sounds,bands/the-sounds,655,0,1.0
3023,Julian Casablancas,Julian Casablancas,bands/julian-casablancas,61,0,1.0
3028,The Devil Wears Prada,The Devil Wears Prada,bands/the-devil-wears-prada,1545,0,1.0
3030,Parkway Drive,Parkway Drive,bands/parkway-drive,1163,0,1.0
3059,Belinda Carlisle,Belinda Carlisle,bands/belinda-carlisle,278,0,1.0
3063,Cradle of Filth,Cradle of Filth,bands/cradle-of-filth,934,0,1.0
3064,The Lovin’ Spoonful,"""The Lovin Spoonful""",bands/the-lovin-spoonful,138,3,1.0
3067,Natalia Kills,Natalia Kills,bands/natalia-kills,121,0,1.0
3068,Ferry Corsten,Ferry Corsten,bands/ferry-corsten,374,0,1.0
3070,Gary Numan,Gary Numan,bands/gary-numan,672,0,1.0
3071,Spiritualized,Spiritualized,bands/spiritualized,533,0,1.0
3076,Above & Beyond,Above & Beyond,bands/above-beyond,636,0,1.0
3150,Kim Wilde,Kim Wilde,bands/kim-wilde,251,0,1.0
3153,George Ezra,George Ezra,bands/george-ezra,624,0,1.0
3154,Tom Odell,Tom Odell,bands/tom-odell,624,0,1.0
3155,All Saints,All Saints,bands/all-saints,115,0,1.0
3161,The Dave Brubeck Quartet,The Dave Brubeck Quartet,bands/the-dave-brubeck-quartet,23,0,1.0
3172,Mylo,Mylo,bands/mylo,67,0,1.0
3196,Shawn Mendes,Shawn Mendes,bands/shawn-mendes,609,0,1.0
3204,Chairlift,Chairlift,bands/chairlift,305,0,1.0
3207,Pretty Lights,Pretty Lights,bands/pretty-lights,639,0,1.0
3218,Gloria Gaynor,gloria gaynor,bands/gloria-gaynor,175,2,1.0
3221,Purity Ring,Purity Ring,bands/purity-ring,544,0,1.0
3224,Black Flag,Black Flag,bands/black-flag,588,0,1.0
3252,Jamie T,Jamie T,bands/jamie-t,253,0,1.0
3277,Frightened Rabbit,Frightened Rabbit,bands/frightened-rabbit,655,0,1.0
3303,Jadakiss,Jadakiss,bands/jadakiss,108,0,1.0
3332,Joan Baez,Joan Baez,bands/joan-baez,1276,0,1.0
3335,Robert Palmer,Robert Palmer,bands/robert-palmer,90,0,1.0
3337,Ziggy Marley,Ziggy Marley,bands/ziggy-marley,961,0,1.0
3340,Wilson Pickett,Wilson Pickett,bands/wilson-pickett,29,0,1.0
3341,Alex Clare,Alex Clare,bands/alex-clare,165,0,1.0
3343,Michael Nyman,Michael Nyman,bands/michael-nyman,11,0,1.0
3346,Stereolab,Stereolab,bands/stereolab,410,0,1.0
3348,Dispatch,Dispatch,bands/dispatch,346,0,1.0
3404,Soul Asylum,Soul Asylum,bands/soul-asylum,764,0,1.0
3405,Cute Is What We Aim For,Cute Is What We Aim For,bands/cute-is-what-we-aim-for--3,691,0,1.0
3456,Default,Default,bands/default,378,0,1.0
3492,Raekwon,Raekwon,bands/raekwon,321,0,1.0
3499,Hootie & the Blowfish,Hootie & the Blowfish,bands/hootie-the-blowfish,585,0,1.0
3521,Shout Out Louds,Shout Out Louds,bands/shout-out-louds,425,0,1.0
3523,Against Me!,Against Me!,bands/against-me,1442,0,1.0
3530,Electric Six,Electric Six,bands/electric-six,1265,0,1.0
3533,Stevie Nicks,Stevie Nicks,bands/stevie-nicks,529,0,1.0
3551,Pusha T,Pusha T,bands/pusha-t,461,0,1.0
3558,Afrojack,Afrojack,bands/afrojack,721,0,1.0
3563,Billy Currington,Billy Currington,bands/billy-currington,1022,0,1.0
3565,Amon Amarth,Amon Amarth,bands/amon-amarth,1017,0,1.0
3568,The Black Crowes,The Black Crowes,bands/the-black-crowes,1580,0,1.0
3577,Blue October,Blue October,bands/blue-october,1500,0,1.0
3594,Cassius,Cassius,bands/cassius,83,0,1.0
3615,Wheatus,Wheatus,bands/wheatus,358,0,1.0
3620,Anna Nalick,Anna Nalick,bands/anna-nalick,252,0,1.0
3623,10 Years,10 Years,bands/10-years,1244,0,1.0
3646,Squarepusher,Squarepusher,bands/squarepusher,143,0,1.0
3649,Chumbawamba,Chumbawamba,bands/chumbawamba,94,0,1.0
3654,She Wants Revenge,She Wants Revenge,bands/she-wants-revenge,623,0,1.0
3659,Hawthorne Heights,Hawthorne Heights,bands/hawthorne-heights,1672,0,1.0
3663,Christina Milian,Christina Milian,bands/christina-milian,35,0,1.0
3664,Milky Chance,Milky Chance,bands/milky-chance,666,0,1.0
3669,August Burns Red,August Burns Red,bands/august-burns-red,1829,0,1.0
3671,Mindless Self Indulgence,Mindless Self Indulgence,bands/mindless-self-indulgence,615,0,1.0
3674,The Everly Brothers,The Everly Brothers,bands/the-everly-brothers,374,0,1.0
3677,Radical Face,Radical Face,bands/radical-face,128,0,1.0
3678,Labrinth,Labrinth,bands/labrinth,169,0,1.0
3690,The Glitch Mob,The Glitch Mob,bands/the-glitch-mob,411,0,1.0
3691,George Strait,George Strait,bands/george-strait,536,0,1.0
3694,Mandy Moore,Mandy Moore,bands/mandy-moore,155,0,1.0
3721,Yazoo,Yazoo,bands/yazoo,15,0,1.0
3745,Ministry,Ministry,bands/ministry,1111,0,1.0
3770,Blind Pilot,Blind Pilot,bands/blind-pilot,411,0,1.0
3771,The Radio Dept.,The Radio Dept.,bands/the-radio-dept,91,0,1.0
3772,Eluvium,Eluvium,bands/eluvium,105,0,1.0
3774,Chromatics,Chromatics,bands/chromatics,106,0,1.0
3783,The Cool Kids,The Cool Kids,bands/the-cool-kids,219,0,1.0
3786,Dead or Alive,Dead Or Alive,bands/dead-or-alive,59,1,1.0
3790,MxPx,MxPx,bands/mxpx--2,900,0,1.0
3827,The Faint,The Faint,bands/the-faint,483,0,1.0
3839,Forever the Sickest Kids,Forever the Sickest Kids,bands/forever-the-sickest-kids,644,0,1.0
3843,Neko Case,Neko Case,bands/neko-case,821,0,1.0
3848,Doris Day,Doris Day,bands/doris-day,1,0,1.0
3849,This Will Destroy You,This Will Destroy You,bands/this-will-destroy-you,447,0,1.0
3851,Aesop Rock,Aesop Rock,bands/aesop-rock,387,0,1.0
3856,The Gaslight Anthem,The Gaslight Anthem,bands/the-gaslight-anthem,834,0,1.0
3857,LeAnn Rimes,LeAnn Rimes,bands/leann-rimes,782,0,1.0
3860,Apollo 440,Apollo 440,bands/apollo-440,29,0,1.0
3861,Vitalic,Vitalic,bands/vitalic,231,0,1.0
3879,Kodaline,Kodaline,bands/kodaline,609,0,1.0
3883,Benjamin Francis Leftwich,Benjamin Francis Leftwich,bands/benjamin-francis-leftwich,296,0,1.0
3884,Bobby McFerrin,Bobby McFerrin,bands/bobby-mcferrin,286,0,1.0
3888,Bobby Womack,Bobby Womack,bands/bobby-womack,88,0,1.0
3891,Gang of Four,Gang Of Four,bands/gang-of-four,312,1,1.0
3892,Gentleman,Gentleman,bands/gentleman,237,0,1.0
3917,Cary Brothers,Cary Brothers,bands/cary-brothers,364,0,1.0
3918,Blood Red Shoes,Blood Red Shoes,bands/blood-red-shoes,662,0,1.0
3921,Coconut Records,Coconut Records,bands/coconut-records,1,0,1.0
3922,From First to Last,From First to Last,bands/from-first-to-last,647,0,1.0
3923,Alexandre Desplat,Alexandre Desplat,bands/alexandre-desplat,2,0,1.0
3924,Sparklehorse,Sparklehorse,bands/sparklehorse,113,0,1.0
3963,The Psychedelic Furs,The Psychedelic Furs,bands/the-psychedelic-furs,913,0,1.0
3964,Thirteen Senses,Thirteen Senses,bands/thirteen-senses,28,0,1.0
3965,Powerman 5000,Powerman 5000,bands/powerman-5000,1067,0,1.0
3966,Post Malone,Post Malone,bands/post-malone,638,0,1.0
3972,The Charlatans,The Charlatans,bands/the-charlatans,340,0,1.0
3975,Halsey,Halsey,bands/halsey,483,0,1.0
4000,White Zombie,White Zombie,bands/white-zombie,440,0,1.0
4007,Bananarama,Bananarama,bands/bananarama,138,0,1.0
4009,London Grammar,London Grammar,bands/london-grammar,318,0,1.0
4012,Glenn Miller,Glenn Miller Orchestra,bands/glenn-miller-orchestra,551,10,1.0
4017,Au Revoir Simone,Au Revoir Simone,bands/au-revoir-simone,196,0,1.0
4018,65daysofstatic,65daysofstatic,bands/65daysofstatic,380,0,1.0
4019,Robert Miles,Miles Winter Roberts,bands/miles-winter-roberts,1,15,1.0
4020,Everlast,Everlast,bands/everlast,430,0,1.0
4033,Ying Yang Twins,Ying Yang Twins,bands/ying-yang-twins,300,0,1.0
4035,Great Lake Swimmers,Great Lake Swimmers,bands/great-lake-swimmers,695,0,1.0
4038,Zac Brown Band,Zac Brown Band,bands/zac-brown-band,1272,0,1.0
4040,Procol Harum,Procol Harum,bands/procol-harum,283,0,1.0
4043,Dirty Projectors,Dirty Projectors,bands/dirty-projectors,435,0,1.0
